49285991, Бегалина — Луганского,110000000,529,2010,в коттедже,10,хорошее
49088053, мкр Баганашыл,756000000,834.5,1999,в коттедже,20,хорошее
49540188, Сатпаева 30/8 — Шагабутдинова,8000000,12,2018,в административном здании,1,евроремонт
49521764, Шегабутдинова 31 — Гоголя,25000000,31,,в жилом доме,2,евроремонт
48782429, Брусиловского 167 — Шакарима,17000000,63.9,2012,в жилом доме,1,евроремонт
29836724, Бегалина 54 — Гвардейская,155000000,430,2002,в коттедже,12,хорошее
16874471, Панфилова 83 — Макатаева,49000000,62,,в административном здании,3,хорошее
47078437, Мкр коктем 1 26/1,37000000,50,2015,в бизнес-центре,1,
49407744, Райымбека — Сейфуллина,80000000,340,2004,в коттедже,8,евроремонт
46380141, Микрорайон 2 40г,58605625,130,2017,в жилом доме,,
24451259, Жарокова 124 — Абая,51000000,56.1,2017,в бизнес-центре,2,свободная планировка
49146058, мкр Аксай-1А 27а,6200000,31.5,,в бизнес-центре,1,хорошее
49563313, мкр Горный Гигант,76000000,318,,в коттедже,8,среднее
49597004, Сатпаева — проспект Достык,20900000,42,1962,в жилом доме,2,хорошее
47633138, мкр Алмагуль,220000000,378.5,2005,в коттедже,10,евроремонт
49595561, мкр Карасу 52,152000000,762,1975,в коттедже,28,хорошее
20701381, Кармысова 94,247000000,600,,в коттедже,17,
49472280, Сатпаева — Наурызбай Батыра,150000000,170,1970,в жилом доме,8,евроремонт
24826244, Момышулы — Шаляпина,500000000,1880,,иное,,евроремонт
30779179, мкр Мамыр-3 15 — Саина,44800000,210,2016,в жилом доме,5,хорошее
49178496, Достык — Аль-фараби,206800000,531,2012,в жилом доме,15,хорошее
29676531, мкр Шугыла,20000000,86,2013,в жилом доме,2,хорошее
49191396, Желтоксан 111а — Казыбек би,19000000,38,2008,в бизнес-центре,1,евроремонт
28305000, проспект Аль-Фараби — Аскарова Асанбая,500000000,1100,,в жилом доме,20,евроремонт
26694615, мкр Коктем-2,37500000,105,1980,в жилом доме,3,хорошее
49593834, проспект Гагарина 127/91 — Мынбаева,10300000,26.4,2009,в жилом доме,1,евроремонт
49215002, Толе-би 280 — Тлендиева,19000000,40,2002,в жилом доме,1,хорошее
47790251, Жибек жолы 8 — Барибаева,124000000,278.9,1970,в жилом доме,11,
29973507, Навои 74,293095000,1100,2011,в жилом доме,10,требует ремонта
48579574, Мкр Мамыр-1 29\5,31457000,100.3,2017,в жилом доме,3,черновая отделка
48308452, проспект Аль-Фараби 5 — Назарбаева,161626260,276.4,2004,в жилом доме,1,евроремонт
48309016, мкр Нурлытау (Энергетик),90825260,170,2007,в бизнес-центре,2,евроремонт
48820610, Самал-2 105,206000000,188,2003,в жилом доме,7,
49065430, проспект Аль-Фараби 7 — Козыбаева,110000000,200,2010,в бизнес-центре,5,хорошее
49313001, Закарпатская 51 — Ахметова,34100000,920,2006,,6,требует ремонта
49511060, проспект Аль-Фараби — Козыбаева,76000000,150,,в бизнес-центре,,евроремонт
47894091, проспект Аль-Фараби,600000000,1100,,в бизнес-центре,,евроремонт
30692817, мкр Горный Гигант,69900000,220,2005,в коттедже,5,евроремонт
48308324, Тулебаева — Маметовой,39000000,77,1974,в жилом доме,3,среднее
47948121, Бухар жырау 23,65000000,276,2006,в жилом доме,,
25317016, мкр №1,34000000,138,2015,в жилом доме,5,черновая отделка
24328095, мкр Самал-2,83000000,337.3,,в бизнес-центре,6,евроремонт
29253209, Аль-Фараби 19 — Западный Желтоксан,76000000,128,2010,в бизнес-центре,4,евроремонт
46892693, Сатпаева — Егизбаева,62775570,195,,в жилом доме,,евроремонт
46891978, Сатпаева — Егизбаева,40237117,156.6,,в жилом доме,,евроремонт
47653653, Бекхожина — Бегалина,51600000,172,2018,в жилом доме,3,свободная планировка
49590766, Наурызбай Батыра — Толеби,66000000,180,,в жилом доме,,среднее
24211447, мкр Самал-2,60000000,100,,в жилом доме,3,
28323546, Черкасской Обороны 25 — Ашимбаева,50508413,202,2011,,,хорошее
16953505, Шагабутдинова 30а — Сатпаева,48000000,115,2014,в бизнес-центре,5,евроремонт
47136407, Фаворского 8 — Акпаева,129500000,550,2007,в коттедже,10,евроремонт
30473380, мкр Казахфильм 42 — Исиналиева,33000000,118,2018,в жилом доме,,
26818562, Аль-Фараби 19 — Жельтоксан,25000000,75,2010,в бизнес-центре,,
49032026, Барибаева 31 — Гоголя,412500000,1230,,в административном здании,,хорошее
47701752, Гагарина 66Б — Жамбула,42000000,60,2015,,,евроремонт
46813875, Богенбай батыра 256 — Нурмакова,40000000,61,1981,в жилом доме,5,хорошее
46464621, Мауленова 129 — Курмангазы,88000000,287,,в жилом доме,11,евроремонт
46926154, Кенесары хан 83,5500000,18,2013,в жилом доме,1,хорошее
49048899, Мустафина 83/3 — Аскарова Асанбая,13500000,47,2014,в жилом доме,2,евроремонт
49156635, мкр Самал-2 58 — проспект Аль-Фараби/ Н.Назарбаева,49400000,75.9,2007,в жилом доме,5,евроремонт
47346232, Райымбека 452 — Отеген батыр,50000000,120,2011,в коттедже,2,хорошее
48734242, Панфилова 92 — Айтеке би,21000000,43,1980,в административном здании,3,хорошее
49058649, Микрорайон Айнабулак-2 32/2,48900000,240,2018,в жилом доме,4,евроремонт
49131699, Абая 150/230 блок 12 — Тургут Озала,68000000,127,2010,в бизнес-центре,3,евроремонт
49264978, проспект Аль-Фараби 21/7 — Каратаева 21/7 — Каратаева,27500000,40,2014,в жилом доме,1,евроремонт
46596697, Абылай хана — Ниже Жибек жолы,555000000,223,2014,,,
49464508, Тимирязева 55б — Между Байзакова и Манаса,42000000,60,1981,в жилом доме,4,
24374537, мкр Мамыр-4 102/2 — проспект Абая,311111111,1100,2013,в коттедже,15,евроремонт
48699874, Тастак-2 бн — Толе Би Чайковского,55000000,220,1970,в жилом доме,6,
47731628, Гагарина 127/90 — Мынбаева,12000000,27,,в жилом доме,2,евроремонт
48330637, Сатпаева — Егизбаева,62775570,195,2016,в жилом доме,,евроремонт
47384290, Бекхожина 15 — Бегалина,52860000,176.2,2018,в жилом доме,,черновая отделка
48240874, Брусиловского 167 — Шакарима,3300000,12.3,2012,в жилом доме,1,
49309222, Шевченко 129 — Муканова,11000000,16,1985,в жилом доме,1,хорошее
47961274, Брусиловского 167 — Шакарима,10000000,37.5,2010,в жилом доме,1,хорошее
49085906, проспект Аль-Фараби 15к4В,79159760,161.6,2010,в бизнес-центре,,хорошее
28750384, Зенкова 71,1400000000,2004,1996,в административном здании,25,среднее
30177765, Сатпаева 30/а — Набережная река Есентай,87000000,197.3,2012,в бизнес-центре,4,евроремонт
49585055, Саина 279 — Жандосова,36396400,95.8,2019,,,
49585054, Бекхожина 15 — Бегалина,54450000,181.5,2019,,,
49585049, Бекхожина 15 — Бегалина,51630000,172.1,2019,,,
49585037, Бекхожина 15 — Бегалина,51630000,172.1,2019,,,
49585041, Бекхожина 15 — Бегалина,54450000,181.5,2019,,,
49585008, Жарокова 95 — Курмангазы,33000000,42.5,,,2,
49585048, Саина 279 — Жандосова,42320600,111.4,2019,,,
49585036, Саина 279 — Жандосова,42320600,111.4,2019,,,
49585042, Саина 279 — Жандосова,36396400,95.8,2019,,,
49585022, Бекхожина 15 — Бегалина,55740000,185.8,2019,,,
49585021, Бекхожина 15 — Бегалина,59010000,196.7,2019,,,
49585024, Бекхожина 15 — Бегалина,58650000,195.5,2019,,,
49585023, Саина 279 — Жандосова,78002600,205.3,2019,,,
49585020, Сейфуллина 574/1 — Аль-Фараби,182900000,365.8,2019,,,
49585025, Сейфуллина 574/1 — Аль-Фараби,175300000,350.6,2019,,,
49585005, Маркова 46 — Тимирязева,26000000,46,1980,,3,
49585001, Косая Егизбаева — Солодовникова,62678992,194.7,2014,,,
49584997, Гоголя 176/2 — Чокина,70000000,100,1993,,,
49584990, Сатпаева 30А/1 — Шагабутдинова,46000000,75.7,2017,,,
49584988, Абая 30,38000000,60,1964,,3,
49584800, Маметовой 56 — Наурызбай Батыра,98999999,111.8,,в жилом доме,,евроремонт
13773945, Яссауи 55 — Пионерская,152602800,362.7,,в жилом доме,8,хорошее
26114609, Бальзака 4А,152000000,408,2017,в жилом доме,4,свободная планировка
49584075, Аль-Фараби 7 — Козыбаева,45000000,90,2008,,2,черновая отделка
49562275, проспект Аль-Фараби 15к4В — Желтоксан,79159760,161.6,2010,в бизнес-центре,,хорошее
49561996, проспект Аль-Фараби 15к4В — Желтоксан,52218010,106.6,2010,в бизнес-центре,,хорошее
49561927, проспект Аль-Фараби 15к4В — Желтоксан,51924100,106,2010,в бизнес-центре,,хорошее
49561891, проспект Аль-Фараби 15к4В — Желтоксан,52218010,106.6,2010,в бизнес-центре,,хорошее
49561785, Аль-Фараби 15к4В — Желтоксан,183595780,374.8,,,,хорошее
47316383, Манаса 24а — Абая Манаса,19980000,3,2015,в жилом доме,3,черновая отделка
48077358, Сатпаева 30А/3 — Весновка,87000000,207,2007,в жилом доме,5,
17893229, мкр Ерменсай,66000000,178.6,,в коттедже,4,черновая отделка
26564009, проспект Райымбека,344000000,365,,в жилом доме,,евроремонт
29159522, проспект Аль-Фараби 19к — Желтоксан,385000000,392,2009,в бизнес-центре,,евроремонт
48159565, Бухар Жырау 27/5 — Маркова,83000000,150,2010,в жилом доме,6,евроремонт
47145992, Панфилова — Курмангазы,63000000,60,,в жилом доме,,евроремонт
17276706, Майлина,139000000,600,2015,,12,евроремонт
29697883, Гоголя 176/2 — Исаева,20500000,44,2017,,2,евроремонт
47356459, мкр Орбита-3 39 — Саина,65000000,600,1982,в жилом доме,10,хорошее
/1162646, Туркебаева 257г — Сатпаева,252222222,680,,в административном здании,18,евроремонт
49582178, Брусиловского 167 — Шакарима,240000,38,2012,в жилом доме,2,хорошее
26290422, проспект Достык — Рубинштейна,231000000,420,2010,,7,
49423615, Карасай батыра — Байзакова,56700000,79.1,,в жилом доме,,хорошее
28703082, Карасай Батыра 128 — Жумалиева,25000000,59,,в жилом доме,3,хорошее
30725086, Айтеке би,500000000,850,1999,иное,23,хорошее
19726767, Манаса 24в — Абая,37900000,104.9,,в жилом доме,3,черновая отделка
28299986, Акпаева 59/1,151500000,830,,в жилом доме,25,евроремонт
47435271, мкр Таугуль,70000000,153,,в коттедже,8,хорошее
30562441, мкр Самал-2,42000000,70,,в жилом доме,1,черновая отделка
11251908, Райымбека — Суюнбая,250000000,1050,2005,в административном здании,,евроремонт
20311440, Сатпаева,48000000,90,,в бизнес-центре,1,евроремонт
29075096, Айманова 140,113700000,285.5,2015,иное,6,евроремонт
29280289, Манаса 24В — проспект Абая,21567000,55,2011,в жилом доме,2,свободная планировка
47901085, Джетысуйская 4 — Макатаева,67000000,140,2017,в жилом доме,5,хорошее
49537626, Аль-Фараби — Желтоксан,490990000,680,2008,в бизнес-центре,12,хорошее
47765850, мкр Алатау,240000000,971.5,2005,в коттедже,15,среднее
48520066, мкр Таугуль-1,62985000,195,2006,в жилом доме,6,
30456005, мкр Коктем-1 — Наурызбайский район,65000000,251.5,2009,в бизнес-центре,2,хорошее
25383322, Саина,24000000,137,,в жилом доме,4,среднее
49562715, Фрунзе — Саина,44900000,90,2016,,,евроремонт
47941997, Полежаева 28б — Раимбека,50000000,300,1960,в административном здании,11,евроремонт
49580712, Зенкова 59 — Кабанбай батыра,47700000,70.7,2011,в жилом доме,2,евроремонт
47489837, Зенкова — Кабанбай батыра,90000000,141,2013,в жилом доме,3,хорошее
20230643, Сатпаева,20040000,44,,в жилом доме,1,евроремонт
48460079, проспект Сакена Сейфуллина — Богенбай батыра,188500000,330,1963,в жилом доме,23,хорошее
49440634, Гагарина 238б — Березовского,62000000,209,,в жилом доме,8,хорошее
49440789, мкр Акжар,190000000,200,2019,в коттедже,,хорошее
19023578, проспект Аль-Фараби 5 — Фурманова,130000000,168,2008,в бизнес-центре,6,хорошее
49437439, мкр Орбита-3,95000000,260,2012,в жилом доме,8,евроремонт
30044606, мкр Таугуль-1,27000000,60,2011,в жилом доме,1,евроремонт
29815016, Байтурсынова 9 — Между Макатаева и Жибек Жолы,91000000,135,,в жилом доме,8,хорошее
49438340, Карасай батыра — Байзакова,56700000,79.1,,в жилом доме,,хорошее
49577292, ул. Муратбаева,55000000,96.9,1971,в жилом доме,3,евроремонт
46595549, Абылайхана 59/1 — Алимжанова,555000000,223,2015,иное,,евроремонт
29241304, Жамбыла 100 — Масанчи,2360000000,4012,2018,в бизнес-центре,,черновая отделка
46610284, Наурызбай батыра 99/1 — Шевченко,9500000,19,2014,в жилом доме,1,евроремонт
47498569, Добролюбова — Есенберлина,29900000,220,1994,в жилом доме,10,среднее
12059482, Бухар жырау (Ботанический бульвар) 26,68310000,110,,в бизнес-центре,,свободная планировка
10992430, Бухар Жырау 33,97702200,163,,в бизнес-центре,,свободная планировка
47122728, мкр Самал-2,99000000,114,1989,в жилом доме,7,хорошее
29030848, Курмангазы — Ауэзова,280250000,580,1975,,10,среднее
48829667, Жамбыла 169 — Манаса (Чапаева),45000000,62,,в жилом доме,3,евроремонт
23154483, Манаса 24В,24200000,66,,в жилом доме,3,черновая отделка
19730536, мкр Коктобе,63500000,95,,в жилом доме,4,евроремонт
27818093, Бузурбаева 33 — Гоголя,144450000,300,2007,в жилом доме,7,евроремонт
27488019, Толе би 65 — Желтоксан,43000000,161,,в жилом доме,4,хорошее
48404107, Макатаева 100 — Абылай хана,370000000,823.9,1965,в административном здании,,хорошее
30922298, Шевченко 51 — Пр. Нурсултана Назарбаева,28500000,40,,,1,евроремонт
47567254, Зенкова 25 — Богенбай батыра,80000000,135,2003,в жилом доме,9,
48890197, мкр Самал-2 58 — Аль-Фараби,83000000,360,2011,в бизнес-центре,5,евроремонт
48402845, проспект Абылай хана — Макатаева,370000000,823.9,1965,в административном здании,,хорошее
48284666, Есенберлина — Парк Горького,50000000,600,2010,в жилом доме,10,черновая отделка
49429774, мкр Жетысу-2 57 — Абая - Саина,39000000,68,1991,в жилом доме,3,хорошее
49571438, Байзакова — Толе би,75900000,90,1975,в жилом доме,4,евроремонт
30929695, Достык 433 — Оспанова,250000000,373,2002,в коттедже,7,
17549641, Джандосова — Ауэзова,357000000,825,,в жилом доме,20,евроремонт
49570499, Восточная — Радлова,33800000,63,2015,,,
46520782, Тимирязева 70,38000000,50,1961,в жилом доме,3,хорошее
49570876, Омаровой,55000000,215,2013,в жилом доме,,евроремонт
24042465, Сатпаева 76А,122100000,343,,иное,10,хорошее
49570445, Макатаева — Абдуллиных,25000000,42,1972,,3,
30357966, мкр Мамыр-4,121000000,320,2000,в жилом доме,8,евроремонт
48555052, Тулебаева 21 — Маметова,38000000,53.3,1974,в жилом доме,3,
46335156, мкр Калкаман-2,82000000,360,2010,в коттедже,11,евроремонт
13794599, Байзакова 234/1 — Шевченко,272000000,475,2014,иное,7,евроремонт
29243580, Аль-Фараби 26 — Мендыкулова,97000000,148,,,6,евроремонт
26323579, мкр Айгерим-2,103000000,470,,,,
48870329, проспект Райымбека — Саина,82536000,289,2016,в бизнес-центре,7,черновая отделка
48870798, проспект Райымбека — Саина,98192000,304,2016,в бизнес-центре,8,хорошее
ow/29610, мкр Кулагер,490000000,2100,,в административном здании,52,
48708797, проспект Гагарина — Басенова,20500000,70,2016,в жилом доме,2,хорошее
49569840, Есенберлина 155 — Орманова,220000000,623.6,2012,в жилом доме,6,евроремонт
49569839, Шаляпина,1200000000,2800,1975,в административном здании,40,евроремонт
49270922, Жандосова — Айманова,13500000,41,1973,в административном здании,3,хорошее
48887920, проспект Достык 12,99000000,157.1,2006,в жилом доме,6,хорошее
28244112, проспект Аль-Фараби — Желтоксан,80000000,160,2009,в бизнес-центре,6,евроремонт
49568835, Абая — Алтынсарина,950000000,2102.4,1974,в административном здании,100,хорошее
49569485, Тянь-Шаньская — Макатаева,45000000,308,2003,в коттедже,6,хорошее
48298746, Тулебаева 21 — Макатаева,39000000,77.1,1978,в жилом доме,3,среднее
49568831, Шевченко — Манаса,32000000,54,1985,в жилом доме,3,хорошее
49568847, Шаляпина — Алтынсарина,43000000,62,1969,в жилом доме,3,хорошее
49236320, Жандосова — Айманова,13500000,41,1973,в административном здании,3,хорошее
49289244, мкр Самал-2,95000000,182.4,,в бизнес-центре,7,
47166112, Назарбаева 103,80000000,274.4,1984,в административном здании,8,хорошее
49423884, Северное Кольцо 1 — Рыскулова,500000,16,2017,в административном здании,1,хорошее
47841226, проспект Сакена Сейфуллина 498 — Богенбай батыра,90000000,282,2013,в бизнес-центре,6,евроремонт
47523159, Шевченко 206А — Розыбакиева,420000000,1844,2004,в административном здании,20,хорошее
48828766, Панфилова — Жибек Жолы,230625000,750,,в жилом доме,,хорошее
48769886, проспект Достык — Сатпаева,146664000,560,,в жилом доме,,хорошее
48767564, проспект Достык — Сатпаева,108864000,360,,в жилом доме,,хорошее
48499042, Желтоксан — Толе би,48000000,108.7,2007,в бизнес-центре,4,евроремонт
48737881, Байсеитовой — Жамбыла,130000000,136,,в жилом доме,5,евроремонт
48449734, Шагабутдинова — Сатпаева,86000000,251.9,2009,,9,хорошее
48496516, Байзакова — Айтеке би,1380000000,4198.8,2006,,,
48449423, Сатпаева — Шагабутдинова,64500000,179.2,2009,,9,евроремонт
47668548, Желтоксан — Карасай батыра,64000000,116,,в жилом доме,6,хорошее
10493132, Омарова 33,58960000,168.7,,в коттедже,,свободная планировка
48460698, Амангельды 59А — Жамбыла,68499000,138.6,2009,в административном здании,8,хорошее
48473979, Гоголя — Абдуллиных,60000000,93,2015,в жилом доме,6,евроремонт
49301187, проспект Достык — проспект Аль-Фараби,220000000,530,2012,в коттедже,10,евроремонт
28990413, Абылайхан — Курмангазы,400000000,485,2017,,,
49289095, Таха Хусейна 17а — Бараева,26000000,115,,,,
47312669, мкр №1 64/2 — Алтынсарина,21000000,70,2015,в жилом доме,3,хорошее
49567270, Наурызбай Батыра — Толеби,66000000,180,,в жилом доме,,среднее
46590467, Шевченко 123 — Муратбаевой,44000000,87.5,,в жилом доме,4,хорошее
16011414, Минина 24 — Маркова,63000000,84.2,2015,в жилом доме,4,евроремонт
47103348, Тулебаева 114 А — Богенбай батыра,163400000,242,2007,в жилом доме,4,евроремонт
25338940, Айманова 211 — Жамбыла,85000000,123.9,,в жилом доме,4,хорошее
46586098, проспект Райымбека — Переулок Полежаева,45000000,300,2008,в коттедже,,хорошее
26323333, Достык 97 — Снегина,285000000,302,,,,евроремонт
48159745, Микрорайон Горный Гигант,2590000000,3000,2015,в административном здании,,евроремонт
48970750, Сейфулина — Молдагалиева,31000000,78,,в жилом доме,5,хорошее
48308183, Тургут Озала 150/230 — Абая,72000000,138,,в жилом доме,2,хорошее
48729894, проспект Аль-Фараби 13 — Желтоксан,144000000,196,,в бизнес-центре,6,евроремонт
49052107, Тургута Озала — Мынбаева,72000000,138,,в жилом доме,,хорошее
47120182, Егизбаева 7/2,23315972,72.9,2015,,,
30796701, проспект Аль-Фараби — Желтоксан,490000000,680,,в бизнес-центре,15,евроремонт
27418101, Хаджи Мукана 10a — Сапара Байжанова,109000000,197,2018,в бизнес-центре,2,свободная планировка
49124016, Клочкова 20 — Кабанбай батыра,55000000,133.7,1978,в жилом доме,14,евроремонт
49373620, Орбита 3 — Торайгырова,69000000,434,,в жилом доме,22,
48539174, Егизбаева,43346115,168.7,,,,
48664212, Достык — Снегина,54000000,135,2010,,5,хорошее
48526345, Жарокова 124 — Абая,39000000,46.06,2017,в бизнес-центре,1,
/1237303, Туркебаева 257г — Сатпаева,258888888,670,,в административном здании,22,хорошее
27411215, мкр Коктобе,91000000,386,2016,в бизнес-центре,6,свободная планировка
49348091, мкр Самал-2 58 — проспект Назарбаева,152000000,154.5,2006,в жилом доме,8,евроремонт
30505100, проспект Аль-Фараби — Желтоксан,110000000,226,,в бизнес-центре,4,евроремонт
30415716, мкр Юбилейный,58000000,188,2006,в жилом доме,12,
18561893, Бегалина 75 — Кабанбай батыра (Калинина),119000000,248,2016,иное,7,свободная планировка
28998157, Ораза Рымжанова 35 — Шаляпина,650000000,1532,2013,,,евроремонт
49418722, Жарокова 166 — Жандосова,35000000,68,1989,в жилом доме,3,евроремонт
28547481, проспект Аль-Фараби 7,125000000,163,2008,в бизнес-центре,4,евроремонт
49417435, Таха Хусейна 17а — Бараева,26000000,115,,,,
25379296, Тимирязева 15А — Байтурсынова,250000000,520,,в коттедже,15,евроремонт
10886977, Аль-Фараби — Желтоксан,612765000,370,,в бизнес-центре,,евроремонт
24726194, Радлова 65,75700000,127.2,2015,в бизнес-центре,3,евроремонт
48746655, проспект Назарбаева 301 — Хаджи Мукана,11500000,22.3,2007,в жилом доме,1,хорошее
27595437, Сейфуллина 498,110000000,282,2011,в бизнес-центре,7,хорошее
24433550, Сатпаева — 20-я линия,141540000,343,,иное,10,хорошее
47873188, Досмухамедова 14 — Гоголя,18000000,45,1957,в жилом доме,2,хорошее
24417713, Зенкова — Жибек Жолы,4322923800,10457,,в бизнес-центре,99,
23713918, Богенбай батыра 150 — Мауленова,26000000,52,,в бизнес-центре,2,хорошее
29438881, мкр Калкаман-3,140000000,732,2010,в коттедже,10,
21446764, Достык — Гоголя,7632000000,24000,,в бизнес-центре,99,евроремонт
24417526, Достык — Гоголя,4751956000,12492,,в бизнес-центре,,
48178360, мкр Самал-2,1877500000,2113.9,1987,,,требует ремонта
47967207, Фурманова,350000000,568,1998,в административном здании,11,
48279484, мкр Самал-2,1893500000,2113.9,1987,,,требует ремонта
49136035, проспект Аль-Фараби 15к4В,52218010,106,2010,в бизнес-центре,,евроремонт
29851099, Сейфуллина 498,65000000,115,2011,в бизнес-центре,1,евроремонт
28234843, Сейфуллина 498,75000000,117,2011,в бизнес-центре,5,евроремонт
25796777, Т Аль-Фараби 7 — Казыбаева,74000000,150,2002,в бизнес-центре,6,евроремонт
30005781, Тимирязева 73 — Ауэзова,120000000,65,1970,в жилом доме,3,хорошее
49085372, проспект Аль-Фараби 15к4В,52218010,106.6,2010,в бизнес-центре,,хорошее
47252736, проспект Абая — Тургута Озала,495000000,2054,2009,,,свободная планировка
47353642, Абылай хана — Маметовой,35000000,50,1956,в жилом доме,4,хорошее
47357220, Габдуллина — Байзакова,30000000,154,1962,в жилом доме,7,среднее
47259462, Жамбыла — Байзакова,45000000,340,2007,в жилом доме,11,хорошее
49557198, Курмангазы 129 — Сейфуллина,89000000,290,1964,,,хорошее
26787459, Богенбай батыра 52,120000000,500,,иное,,хорошее
49557090, Рыскулбекова Кайрата (Обручева) 28/8 — Саина,54500000,182,2015,,,черновая отделка
49278199, Желтоксан 111А — Казыбек би,19000000,38,2007,в бизнес-центре,2,евроремонт
49277567, Қабанбай Батыра - Калдаякова,112000000,190,2006,в жилом доме,6,
48536138, Северное Кольцо,144999999,1050,1976,в административном здании,22,хорошее
22747481, мкр Ерменсай,110000000,640,,в коттедже,7,
46458218, Гагарина — Утепова,46100000,128,1982,в жилом доме,7,хорошее
19566321, Абая — Момышулы,200300000,700,,в коттедже,36,
49279693, проспект Аль-Фараби 21 — Желтоксан,28000000,50,2014,в жилом доме,2,евроремонт
49555764, Курмангазы 129 — Сейфуллина,89000000,290,1964,,,хорошее
49555732, Рыскулбекова Кайрата (Обручева) 28/8 — Саина,54500000,182,2015,,,черновая отделка
49555343, Северное Кольцо,1500000,15,2015,в административном здании,1,хорошее
49555252, Райымбека (Ташкентская) 219д — Полежаева,50000000,320,2011,,,хорошее
30496196, проспект Аль-Фараби — Желтоксан,118000000,197,2007,в бизнес-центре,4,требует ремонта
19395468, Жарокова 95 — Курмангазы,31000000,42.5,,в жилом доме,2,среднее
49091303, мкр №3,42000000,135.8,2015,в жилом доме,3,хорошее
48162355, Радостовца 158,20500000,70,2016,в жилом доме,2,евроремонт
30429731, Байганина 28 — Жамбыла,45000000,339,2006,в жилом доме,,хорошее
47176599, Тимирязева 51А,30000000,153,1962,в жилом доме,,хорошее
49501595, Аль-Фараби 7 — Козыбаева,45000000,90,2008,в бизнес-центре,2,черновая отделка
22198928, проспект Аль-Фараби 17/1 — Желтоксан,643000000,1100,,в бизнес-центре,,евроремонт
15298931, Джандосова 58 — Айманова,400000000,1657.7,1973,в административном здании,99,требует ремонта
47682815, Бухар Жырау 67 — Ауэзова,50000000,117,1956,в жилом доме,7,среднее
28647390, Сатпаева 22В — Сейфуллина,113980000,166,1963,в жилом доме,6,евроремонт
29689355, Маркова 27/5 — Бухар Жырау,25000000,70,2009,в бизнес-центре,2,евроремонт
29929649, Байсеитовой 32 — Курмангазы,28000000,55,,в жилом доме,2,хорошее
48462765, Толе би — Шагабутдинова,63000000,93,,в жилом доме,4,хорошее
49036620, проспект Аль-Фараби 15к4В — Желтоксан,79159760,161.6,2010,в бизнес-центре,,хорошее
49036468, проспект Аль-Фараби 15к4В — Желтоксан,52218010,106.6,2010,в бизнес-центре,,хорошее
48724374, проспект Райымбека — Бауыржана Момышулы,100000000,400,2016,иное,18,евроремонт
49551964, Тимирязева 55Б,42000000,57,1980,в жилом доме,3,евроремонт
25576914, Омаровой 21,65680150,303.3,,,,хорошее
25576892, Омаровой 21,54800000,274.6,,в жилом доме,,хорошее
25115928, Омаровой 21,67400000,303.7,,в жилом доме,,
26896140, Кожамкулова 273,95000000,336.9,2008,в жилом доме,,евроремонт
28872604, Сейфуллина — Богенбай батыра,45600000,113,2014,в бизнес-центре,5,евроремонт
49399672, проспект Абая 31/187,150000000,140,1969,в жилом доме,6,евроремонт
49550498, Абая 52 — Байзакова,200000000,319.7,1972,,,
49550648, Байзакова — Шевченко,272000000,475,2014,,,
49550501, мкр Айнабулак-4,637500000,1655.4,1991,,,
49550496, Абылай Хана (Коммунистическая) — Маметовой,562500000,1623,2000,,,
49550462, Аскарова 1,280000000,527.2,2005,,,
49550421, Жамбыла 211/71 — Айманова,85000000,123.9,2009,,,
49550417, Сатпаева 2 — Достык (Ленина),90480000,164.5,1962,,,
49550415, Пушкина — Маметовой,277000000,242,1970,,,
49550570, мкр Мамыр-1,32500000,49.3,2013,в жилом доме,,хорошее
49550103, Шолохова — Сейфуллина,296000000,957.9,1977,,,
49550101, Жандосова — Розыбакиева,502000000,876.1,2002,,,
49549992, Снегина — Мендикулова,540000000,1120,2014,,,
49549987, Достык (Ленина) — Омаровой,555000000,492.7,1980,,,
49549970, Назарбаева 277/66 — Кажымукана,2590000000,3146.2,2016,,,
49549961, мкр Керемет,703000000,699.3,2003,,,
49549945, Кунаева 1 — Макатаева,2655000000,15530,1980,,,
49549940, Толе би 72 — Абылай Хана (Коммунистическая),481000000,379,1952,,,
49549920, Карасай батыра 123 — Шагабутдинова,1260000000,6318,1961,,,
49549925, Сатпаева — Ауэзова,33300000,36,1956,,,
49549921, Сейфуллина — Богенбай батыра,92500000,108,1960,,,
49549881, Желтоксан — Жамбыла,41000000,71,1965,,,
49549883, Абылай Хана (Коммунистическая) — Курмангазы,96200000,57,1965,,,
49549858, мкр Самал-2,150000000,160,1990,,,
49549863, Жандосова — Розыбакиева,740000000,2300,2003,,,
49549862, Кабанбай батыра — Назарбаева,740000000,570,1952,,,
49549818, Аль-Фараби 53 А — Шашкина,444000000,527,2008,,,
49549823, Кабанбай батыра 123 — Ади Шарипова(Мечникова),172000000,457.6,1956,,,
49549792, Ауэзова 183 — Тимирязева,111000000,73.1,1975,,,
49549765, Айтеке би — Калдаякова,160000000,382.7,2010,,,
49549649, Аль-Фараби — Ходжанова (пересечение с Аль Фараби),275650000,438.5,2014,,,
49549651, Байзакова — Казыбек би,118000000,248.1,1967,,,
22699936, Достык,350000000,800,,,,
30605227, Абая — Байзакова,700000000,2000,2010,в бизнес-центре,,свободная планировка
30605212, Абая — Байзакова,350000000,1000,2010,в бизнес-центре,,свободная планировка
49549067, Макатаева — Сейфуллина,45000000,60,1970,,,
28305409, Аль-Фараби — Аскарова Асанбая,280000000,1100,,в жилом доме,17,евроремонт
13406767, Аль-Фараби,160000000,205,,в бизнес-центре,5,евроремонт
25762813, проспект Аль-Фараби — Фурманова,590000000,450,,в бизнес-центре,12,евроремонт
49390244, Желтоксан — Кабанбай батыра,59000000,120,,в жилом доме,,
49383658, Толе би — Наурызбай Батыра,70000000,160,,,,
49110523, Навои — Токтабаева,83000000,242.4,2011,в жилом доме,,евроремонт
47377461, Шашкина 9 Б — Аль-фараби,79000000,130,1998,в жилом доме,3,хорошее
48090604, Достык — Карасай батыра,45700000,65,1990,в жилом доме,4,хорошее
48873493, Толе би — Чайковского,55000000,220,,в жилом доме,,хорошее
49398290, мкр Коктобе 138/1 — ВОАД Толеби,12000000,45,2013,в жилом доме,2,евроремонт
49548132, Желтоксан 111А — Толе би,33000000,110,2007,в административном здании,4,хорошее
48809104, Райымбека — Сейфулина,100000000,342,2006,иное,10,евроремонт
48833465, Маркова 75,110000000,190,,в жилом доме,,евроремонт
49268025, Юных пионеров 40 — Енисейская,17500000,60,2006,в административном здании,2,хорошее
47788629, мкр Самал-2,65000000,132,2008,в жилом доме,11,
30955334, проспект Аль-Фараби — Желтоксан,55000000,114,2008,в бизнес-центре,5,евроремонт
20435771, Сатпаева 5а — Наурызбай батыра,71820000,75.5,,в жилом доме,4,хорошее
29021926, Байтурсынова (Космонавтов) 169 — Тимирязева,41580000,43,,в жилом доме,2,хорошее
21958006, Масанчи 46 — Богенбай батыра,64260000,80.2,,в жилом доме,2,хорошее
22621399, Огарева 5 — Майлина,16000000,51.4,,в жилом доме,2,хорошее
30562808, Байтурсынова 163 — Тимирязева,52920000,58.7,,в жилом доме,3,хорошее
30562817, Суюнбая 14 — Райымбека,79380000,111,1974,в жилом доме,4,хорошее
28990738, Маметовой 46/35 — Желтоксан,52920000,60,,в жилом доме,2,хорошее
29021846, Суюнбая 14 — Райымбека,136080000,196,1974,в жилом доме,9,хорошее
30648947, Суюнбая 14 — Райымбека,66150000,85,1984,в жилом доме,4,хорошее
28990774, Жумалиева 175/62 — Айтеке би,45360000,58,,в жилом доме,3,хорошее
28816498, Жамбыла 169 — Исаева,68040000,93.4,,в жилом доме,3,хорошее
49546943, Райымбека (Ташкентская),105000000,328,2007,в административном здании,14,евроремонт
49546826, Розыбакиева 289/1 — Аль-Фараби,88000000,157,2012,в бизнес-центре,7,евроремонт
47408154, Аль-Фараби 99 — Ходжанова,68145000,161.3,2006,в жилом доме,4,евроремонт
49092793, Омаровой — Луганского,100000000,327,2019,,6,требует ремонта
49546653, Желтоксан,62000000,120,1969,в жилом доме,7,хорошее
49546617, Маметовой — Сакена Сейфуллина,156384000,464.6,1974,в бизнес-центре,,евроремонт
28606686, Байсеитовой 45 — Абая,175000000,430.5,1976,в жилом доме,,требует ремонта
30121261, Богенбай батыра — Мауленова,250000000,447,,в жилом доме,35,хорошее
48504528, Абылайхана 56 — Макатаева,370000000,823.9,1965,в административном здании,36,хорошее
29745058, Сатпаева 30Ак2 — Шагабутдинова,185000000,350,2018,в жилом доме,5,хорошее
20673079, Гоголя — Бузурбаева,346800000,592,,в жилом доме,11,евроремонт
/9265267, Кабанбай батыра 36 — Зверева,68000000,220,,иное,8,хорошее
16573671, Ауэзова 114/14 — Озтюрка,24000000,60,,в жилом доме,4,хорошее
47233508, проспект Аль-Фараби 17к5Б — Желтоксан,225000000,353,,в бизнес-центре,10,евроремонт
28390002, Жарокова 217Б — Басенова,400000000,1721,1984,в административном здании,25,хорошее
16408413, мкр Самал-2,140000000,182,,в бизнес-центре,5,евроремонт
48869500, Абылайхана,60800000,66,,в жилом доме,,евроремонт
28474961, Маркова 46,30000000,46,1980,в жилом доме,3,
25659876, Бегалина (Компот) — Курмангазы (Бекхожина),240000000,560,2004,в коттедже,9,хорошее
/5192287, Джандосова — Манаса,90000000,300,,в административном здании,12,хорошее
30657468, Сатпаева 30А,70000000,235,,в административном здании,,евроремонт
20069863, Жибек жолы 186 — Муратбаева,18950000,37,,в жилом доме,3,евроремонт
48989867, мкр Аксай-1А 30А — Толе би Яссауи,60000000,200,2010,в административном здании,7,евроремонт
29756549, Аль-Фараби — Желтоксан,60000000,126,2008,в бизнес-центре,5,хорошее
48934238, мкр Аксай-4,45000000,104.8,1988,в жилом доме,5,хорошее
47622555, Озтюрка 13 — Ауэзова,32000000,55,1956,в жилом доме,3,евроремонт
27335567, Горный Гигант,1549800000,2753,2017,,,свободная планировка
30609568, Мусрепова 22/1 — Сатпаева,23800000,42,2018,в жилом доме,3,черновая отделка
47012254, Толе би — Тлендиева,27000000,76,1991,в жилом доме,4,хорошее
48830777, проспект Гагарина 127/90 — Мынбулак,11500000,28,,в жилом доме,1,евроремонт
49366165, Сатпаева — Радостовца,15500000,55,,,3,евроремонт
49354963, Мендикулова — Кажымукана,109000000,197,2018,в бизнес-центре,,черновая отделка
49266192, мкр Кулагер,38000000,250,2014,в административном здании,9,хорошее
47890694, Желтоксан 111А — Толе би,43990000,108,2008,в бизнес-центре,3,евроремонт
49426235, проспект Аль-Фараби — Желтоксан,397000000,682,,в бизнес-центре,9,евроремонт
30130278, проспект Аль-Фараби — Экспериментальная,434400000,1276.8,2011,в административном здании,82,евроремонт
49385889, Розыбакиева 281 — проспект Аль-Фараби,140000000,336,2010,в бизнес-центре,10,евроремонт
48552946, Наурызбай батыра 99/1 — Шевченко,109500000,206,2015,иное,5,евроремонт
49029793, Мусрепова 22,52164000,107,2019,в жилом доме,4,свободная планировка
30609122, Байзакова 280 — Сатпаева,199000000,602,,в бизнес-центре,9,евроремонт
48893033, мкр Орбита-1 301,570000,20,2014,,,евроремонт
49544957, Манаса 52 — Габдуллина,29000000,41,,в жилом доме,6,хорошее
49544968, Сатпаева 20А — Сейфулина,106000000,88,1971,в жилом доме,4,хорошее
48539100, Егизбаева,62678992,194.7,,,,
48539002, Егизбаева,11978532,74.9,,,,
47120171, Егизбаева 7/2,40699613,158.4,2015,,,
48539140, Егизбаева,40237117,156.6,,,,
47120087, Егизбаева 7/2,20244923,63.3,2014,,,
18329260, Фурманова 7 — Аль-Фараби,125000000,163,,в бизнес-центре,4,евроремонт
28020072, Байзакова 170,50310000,66,1995,в жилом доме,4,хорошее
49393100, Ходжанова — Жарокова,370000000,1000,2011,в коттедже,20,евроремонт
49393028, мкр Айнабулак-4,59990000,75,,в жилом доме,3,хорошее
23072618, мкр Таугуль-1,55000000,204,,в жилом доме,7,хорошее
21111852, Аль-Фараби — Фурманова,125000000,163,,в бизнес-центре,4,евроремонт
24232951, Мынбаева — Клочкова,175000000,730,,в административном здании,22,хорошее
30439571, Наурызбай батыра 99/1 — Шевченко,250000000,400,2015,в бизнес-центре,10,евроремонт
30356329, мкр Мирас,70000000,130,2014,в жилом доме,4,евроремонт
49389826, Бекхожина 15 — Бегалина,58000000,196,2019,в жилом доме,4,черновая отделка
49130501, проспект Райымбека 507А/1,79000000,183,2014,,10,хорошее
30369037, мкр Самал-2,73000000,160,,в бизнес-центре,,хорошее
49391088, Текстильная 14 — Кабанбай батыра,229000000,550,2002,в коттедже,12,хорошее
49542457, Ходжанова — Жарокова,370000000,1000,2011,в коттедже,20,евроремонт
49209767, Аксай-1А,60000000,200,2014,в бизнес-центре,10,хорошее
49136151, мкр Самал-2 58 — проспект Назарбаева,46500000,80,2009,в бизнес-центре,,евроремонт
49036580, проспект Аль-Фараби 15к4В — Желтоксан,52218010,106.6,2010,в бизнес-центре,,хорошее
49036527, проспект Аль-Фараби 15к4В — Желтоксан,51924100,106,2010,в бизнес-центре,,хорошее
49036303, проспект Аль-Фараби 15к4В — Желтоксан,183595780,374.8,2010,в бизнес-центре,,хорошее
49005770, проспект Аль-Фараби 15к4В — Желтоксан,183595780,374.8,2010,в бизнес-центре,,хорошее
49542168, Ходжанова — Жарокова,370000000,1000,2011,в коттедже,20,евроремонт
49541654, Сатпаева 30/2,7999000,12.1,2017,в бизнес-центре,1,евроремонт
49390149, проспект Аль-Фараби — Козыбаева,133000000,165,,в бизнес-центре,,евроремонт
48815397, Байсеитовой 45 — Абая,84000000,124.9,,в жилом доме,4,евроремонт
22166164, Абая 143/93,38725000,122.5,1982,в административном здании,,
24289024, мкр Каргалы,190200000,676.2,,иное,8,хорошее
49540477, Сатпаева 30/2,8000000,12,2017,,1,евроремонт
48850151, Байсеитовой 45 — проспект Абая,84000000,124.9,1979,в жилом доме,4,черновая отделка
49017012, проспект Аль-Фараби 15к4В — Желтоксан,52218010,106.6,2010,в бизнес-центре,,
49017186, проспект Аль-Фараби 15к4В — Желтоксан,52218010,106.6,2010,в бизнес-центре,,свободная планировка
47358727, Сатпаева 37А,111000000,311,1987,в жилом доме,18,хорошее
49540186, Сатпаева 30/2,8000000,12.1,2018,в бизнес-центре,1,евроремонт
29673414, Ходжанова 58/5 — Жарокова,370000000,1000,2008,в коттедже,23,евроремонт
29673075, Ходжанова — 58/5 — Жарокова,370000000,1000,2008,,23,евроремонт
29672615, Ходжанова 58/5 — Жарокова,370000000,1000,2008,в коттедже,23,евроремонт
47261023, Курмангазы 173 — Гагарина,21000000,50,1992,в жилом доме,2,хорошее
49281028, Аль - Фараби 7 — Казыбаева,50000000,90,2008,иное,3,евроремонт
49379820, Проспект Абая — Тулебаева,150000000,140,1983,в жилом доме,5,евроремонт
46616000, Микрорайон Ботанический Сад,90000000,200,2007,в жилом доме,5,хорошее
49382443, проспект Аль-Фараби 93А/6,950000000,3000,2019,в бизнес-центре,,черновая отделка
48632976, проспект Сакена Сейфуллина — Богенбай Батыра,235000000,600,,в бизнес-центре,11,евроремонт
49254599, Сагадата Нурмагамбетова 138/1 — Толе би,16000000,55,2016,в жилом доме,1,хорошее
49057239, Саина — проспект Райымбека,75000000,200,2008,в коттедже,4,евроремонт
46538232, Богенбай батыра — проспект Сакена Сейфуллина,228000000,600,,в бизнес-центре,11,евроремонт
30796098, проспект Абая — Ауэзова,70000000,178,,в административном здании,,хорошее
29902680, проспект Аль-Фараби — Желтоксан,260406000,391,,в бизнес-центре,,евроремонт
47616728, Гоголя — Байтурсынова,68000000,126,,в административном здании,6,евроремонт
47375016, Бухар Жырау,95000000,150,,в бизнес-центре,,евроремонт
30747272, Ауэзова — Бухар Жырау,337500000,825,,в жилом доме,,евроремонт
30385619, Шевченко — Муратбаева,44000000,87.5,1984,в жилом доме,,хорошее
30386623, Жарокова — Курмангазы,29000000,42.5,,в жилом доме,,хорошее
30386371, Абая — Гагарина,35000000,75,,в административном здании,,хорошее
47647470, Бегалина 118 — Бекхожина,75000000,150,2000,в коттедже,5,хорошее
48867641, Байсеитовой 45 — проспект Абая,84000000,124.9,1979,,4,хорошее
49153883, проспект Аль-Фараби 15к4В — Желтоксан,52218010,106.6,2010,в бизнес-центре,,хорошее
49153949, проспект Аль-Фараби 15к4В — Желтоксан,79159760,161.6,2010,в бизнес-центре,,хорошее
49153760, проспект Аль-Фараби 15к4В — Желтоксан,52218010,106.6,2010,в бизнес-центре,,хорошее
49153683, проспект Аль-Фараби 15к4В — Желтоксан,183595780,374.4,2010,в бизнес-центре,,хорошее
49153832, проспект Аль-Фараби 15к4В — Желтоксан,51924100,106,,в бизнес-центре,,хорошее
29111293, мкр Таугуль-1 — Навои,22000000,38,1969,в жилом доме,2,хорошее
48347255, проспект Достык — Омаровой,39795000,210,2010,в жилом доме,,черновая отделка
49352597, Жандосова — Гагарина,80000,50,,в административном здании,2,среднее
47717390, мкр Айнабулак-2 32а,32000000,150,2010,в жилом доме,,
49529872, Тургут Озала,215000000,800,2008,,,
49529838, Назарбаева — Толе би,73125000,108,1968,,,
49529873, Богенбай батыра 81 — Зенкова,277500000,366,2008,,,
49529870, Искендерова — Кажымукана,226000000,400,2017,,,
49529834, Гоголя — Барибаева,540000000,697,2006,,,
49529758, Брусиловского (Руднева) — Шакарима,69000000,110,2011,,,
49529836, Кунаева — Маметовой,45000000,75,1980,,,
49529837, Достык (Ленина) — Сатпаева,925000000,497,1978,,,
49529874, Тургут Озала,453600000,1600,2008,,,
49529811, Ауэзова 56 — Жамбыла,418000000,742,2003,,,
49529871, Ришата и Муслима Абдуллиных — Гоголя,68400000,92,2016,,,
49529810, Желтоксан — Кабанбай батыра,39000000,71,1970,,,
49529809, Абая — Сейфуллина,92500000,90,1970,,,
49529779, Жанибекова — Омаровой,300000000,600,2010,,,
49529757, Навои — Токтабаева,75000000,191,2007,,,
49529835, Кунаева — Маметовой,53200000,81,1970,,,
49529812, Аль-Фараби — Шашкина,444000000,527,2008,,,
49529726, Жандосова,30000000,150.4,1968,,,
49529725, Желтоксан,321300000,948,1966,,,
49529813, Жамакаева,240000000,757,2014,,,
49529712, Жамбыла 163 — Байзакова,94000000,98.2,1970,,,
49529713, Богенбай батыра — Наурызбай батыра,135000000,350,1970,,,
49529780, Казыбек би — Кунаева,185000000,180,1976,,,
49529778, Достык (Ленина) — Горная,950000000,1756,2010,,,
49529697, Богенбай батыра 79 — Калдаякова,84000000,199,2007,,,
49529776, Наурызбай батыра — Айтеке би,103000000,158.5,1967,,,
49529777, Берегового,197500000,465,1970,,,
49529759, Жибек Жолы — Кунаева,412000000,332.6,1978,,,
49529760, Валиханова — Богенбай батыра,52000000,68.4,1970,,,
49529715, Бауыржана Момышулы — Шаляпина,377000000,1450,2005,,,
49529714, Достык (Ленина),565000000,492.7,1978,,,
49529696, Наурызбай батыра,244000000,349.1,1981,,,
49529695, Мустафина,63000000,120,2016,,,
49529698, Достык (Ленина) — Жолдасбекова,263900000,328.6,2006,,,
48261567, мкр Каргалы 83/4 — Кенесары-хана,17000000,60,2014,в жилом доме,2,евроремонт
28446062, мкр Орбита-3 52 — Сайна Торайгырова,23900000,68,1979,,3,требует ремонта
49528964, Маметова — Наурызбай Батыра,245000000,349.1,,,,
49528965, Искандерова — Кажымукана,226000000,400,,,,
49528942, Кожабекова — Гагарина,67000000,106.9,,,,
49528948, Наурызбай Батыра — Айтеке би,95000000,158.5,,,,
49528939, Желтоксана — Карасай батыра,63000000,120,,,,
49528947, Шевченко — Байтурсынова,83200000,250,,,,
49528943, Тургута Озала — Васнецова,453600000,1600,,,,
49528946, Макатаева — Наурызбай батыра,45000000,60,,,,
49528950, Раймбека,1323000000,5116.8,,,,
49528951, Шаляпина,94000000,104.3,,,,
49528945, Жангельдина,295000000,438.7,,,,
49528949, Торйгырова — Сайна,45000000,436.1,,,,
49528938, Достык — Жолдасбекова,265000000,328.6,,,,
49528961, Берегового,197500000,465,,,,
49528962, Жамбыла — Байзакова,95000000,98.2,,,,
49528960, Богенбай батыра — Зенкова,279000000,366,,,,
49528963, Богенбай батыра — Калдаякова,84000000,199.4,,,,
49528952, Навои — Токтабаева,75000000,191,,,,
49528966, Ауэзова — Богенбай батыра,38000000,61,,,,
49528923, Гоголя — Барибаева,540000000,697,,,,
49528919, Желтоксана — Кабанбай батыра,39000000,71,,,,
49528914, Жандосова — Алтынсарина,63000000,102.2,,,,
49528922, Тургута Озала — Васнецова,215000000,800,,,,
49528927, Кунаева — Маметова,53000000,81.1,,,,
49528924, Аль-Фараби — Маркова,360000000,527.1,,,,
49528918, Жибек Жолы — Кунаева,350000000,332.6,,,,
49528944, Улугбека — Абая,740000000,2003,,,,
49528941, Берегового,38000000,58.7,,,,
49528940, Момышулы — Шаляпина,377000000,1450,,,,
49528883, Пушкина,279000000,242,,,,
49528890, Жандосова — Розыбакиева,70000000,102.6,,,,
49528885, Достык — Жолдасбекова,111000000,153,,,,
49528886, Жарокова — Кабанбай батыра,224000000,478.1,,,,
49528915, Жандосова — Манаса,30000000,150.4,,,,
49528895, Жамбыла — Шагабутдинова,409000000,1452,,,,
49528916, Жамакаева,240000000,757.5,,,,
49528888, Жарокова — Дунаевского,300000000,2200,,,,
49528917, Абдулиных,68000000,92.3,,,,
49528928, Сейфулина — Кабанбай батыра,80000000,53.8,,,,
49528925, Богенбай батыра — Зенкова,135000000,345,,,,
49528921, Достык — Жолдасбекова,188000000,308,,,,
49528920, Толе би — Каирбекова,562500000,2100,,,,
49528926, Казыбек би — Кунаева,186000000,240,,,,
49528892, Абая — Сейфулина,93000000,90,,,,
49528893, Ауэзова — Богенбай батыра,55000000,62,,,,
49528896, Ауэзова — Жамбыла,418000000,741.8,,,,
49528891, Толе би — Айтиева,456000000,567.1,,,,
49528887, Снегина,540000000,1120,,,,
49528894, Горная,930000000,1756,,,,
49528889, Толе би — Сейфулина,564000000,892.4,,,,
49528882, Брусиловского — Шакарим,69000000,110,,,,
49528884, Желтоксана,321000000,948.5,,,,
49375379, Бухар Жырау — Маркова,35000000,50,1970,в жилом доме,2,хорошее
46586917, проспект Гагарина — Байкадамова,700000000,2436,,в бизнес-центре,,черновая отделка
28476728, Козыбаева,100400000,160,2008,в бизнес-центре,3,евроремонт
29241292, Достык — Омарова,3000000000,4500,2019,в бизнес-центре,,черновая отделка
30456580, Аль-Фараби,110000000,226,,в бизнес-центре,,евроремонт
30362313, Аль-Фараби,93000000,127,,в бизнес-центре,,евроремонт
30528250, Аль-Фараби — Мира,117000000,193,,в бизнес-центре,,евроремонт
49525579, Абылай Хана (Коммунистическая) — Маметовой,562500000,1623,2000,,,
49523741, мкр Орбита-1,36500000,101,2009,в жилом доме,3,хорошее
49525724, Байзакова — Шевченко,272000000,475,2014,,,
49524697, Тимирязева — Манаса,33300000,64,1960,в жилом доме,3,хорошее
49525606, Абая 52 — Байзакова,200000000,319.7,1972,,,
49525559, мкр Айнабулак-4,637500000,1655.4,1991,,,
49525561, Аскарова 1,280000000,527.2,2005,,,
49525534, Сатпаева 2 — Достык (Ленина),90480000,164.5,1962,,,
49525536, Жамбыла 211/71 — Айманова,85000000,123.9,2009,,,
49525509, Жандосова — Розыбакиева,502000000,876.1,2002,,,
49525510, Пушкина — Маметовой,277000000,242,1970,,,
49525476, Шолохова — Сейфуллина,296000000,957.9,1977,,,
49525432, Достык (Ленина) — Омаровой,555000000,492.7,1980,,,
49524702, Макатаева,937500000,5000,1956,в административном здании,50,хорошее
49525341, Назарбаева 277/66 — Кажымукана,2590000000,3146.2,2016,,,
28022251, проспект Аль-Фараби — проспект Назарбаева,80000000,160,2009,в бизнес-центре,6,евроремонт
25491554, Фурманова — Айтеке би,265600000,415,,в бизнес-центре,,черновая отделка
12442171, мкр Самал-3,260000000,401,,в административном здании,,черновая отделка
49525401, Снегина — Мендикулова,540000000,1120,2014,,,
49525339, мкр Керемет,703000000,699.3,2003,,,
49525310, Кунаева 1 — Макатаева,2655000000,15530,1980,,,
49525280, Карасай батыра 123 — Шагабутдинова,1260000000,6318,1961,,,
48881537, Мендикулова 105,207900000,188,2007,в жилом доме,7,
49525279, Сейфуллина — Богенбай батыра,92500000,108,1960,,,
49525288, Сатпаева — Ауэзова,33300000,36,1956,,,
49525306, Толе би 72 — Абылай Хана (Коммунистическая),481000000,379,1952,,,
49525256, Желтоксан — Жамбыла,41000000,71,1965,,,
49525221, Жандосова — Розыбакиева,740000000,2300,2003,,,
49525220, Кабанбай батыра — Назарбаева,740000000,570,1952,,,
49525201, Кабдолова 27 — Бауыржана Момышулы,29000000,39.7,1986,,,
49525259, Абылай Хана (Коммунистическая) — Курмангазы,96200000,57,1965,,,
49525226, мкр Самал-2,150000000,160,1990,,,
49525168, Аль-Фараби 53 А — Шашкина,444000000,527,2008,,,
49525164, Кабанбай батыра 123 — Ади Шарипова(Мечникова),172000000,457.6,1956,,,
49525203, Тимирязева — Жарокова,660000000,985.9,2014,,,
49525088, Айтеке би — Калдаякова,160000000,382.7,2010,,,
49525082, Ауэзова 183 — Тимирязева,111000000,73.1,1975,,,
49268776, Карасай батыра 169 — Исаева,39000000,60,1985,в жилом доме,,евроремонт
22898153, Ауэзова — Виноградова,207000000,900,,,12,
49085144, проспект Аль-Фараби 15к4В,183595780,374.8,2010,в бизнес-центре,,хорошее
49524967, Аль-Фараби — Ходжанова (пересечение с Аль Фараби),275650000,438.5,2014,,,
47605529, Сатпаева 37А — Текстильная,104000000,311,,в жилом доме,19,хорошее
49524942, Байзакова — Казыбек би,118000000,248.1,1967,,,
47808833, Назарбаева — Маметовой,25000000,80,1940,,4,хорошее
47671347, Мухамеджанова — Пушкина,33000000,67,2010,в жилом доме,4,хорошее
49376359, Богенбай батыра,50000000,200,2014,в коттедже,6,евроремонт
27357683, Казыбек би — Досмухамедова,330000000,320,,,12,евроремонт
49245359, мкр Жетысу-2,3500000,20,2008,в жилом доме,1,хорошее
29103873, Бухар Жырау 27,25000000,70,,в жилом доме,,евроремонт
47516831, Шагабутдинова 125 А — Жамбыла,45000000,190,2006,в жилом доме,4,свободная планировка
49524055, Наурызбай Батыра — Толеби,66000000,180,,в жилом доме,,среднее
27647149, Зенкова 44 — Кабанбай батыра,68400000,94,2011,в бизнес-центре,2,хорошее
47865234, Кабанбай батыра 19/49 — Бегалина,166000000,532,2006,в коттедже,,хорошее
30016692, Мауленова 92 — Богенбай батыра,239900000,450,1963,в жилом доме,13,хорошее
49330393, мкр №8 41/6,45309000,137.3,2018,в жилом доме,4,свободная планировка
49523632, мкр Аксай-1 11/7 — Момышулы,45900000,153,2019,в жилом доме,2,черновая отделка
48278750, Назарбаева — Хаджи Мукана,11500000,22,2007,в жилом доме,1,
48116985, Сейфуллина 434 — Жибек жолы,9500000,17,1965,в административном здании,1,евроремонт
49381546, проспект Аль-Фараби — Мира,69160000,140,,в бизнес-центре,,евроремонт
47431205, Бухар Жырау — Маркова,111000000,150,2014,в административном здании,5,евроремонт
29779759, Толе би 65 — Желтоксан,45000000,160,1950,в жилом доме,6,евроремонт
29182657, Ул. Толе Би 65 — Желтоксан,45000000,160,1950,в жилом доме,6,евроремонт
28757897, Байзакова 280,345990000,607.4,,в бизнес-центре,,хорошее
28916623, мкр №1,912114000,2413,2007,в бизнес-центре,35,хорошее
49242020, Байтурсынова 60 — Жамбыла,850000,15,,,1,хорошее
48864304, Аль-Фараби — Панфилова,304000000,480,2010,в бизнес-центре,12,евроремонт
48813349, проспект Жибек Жолы 15,75500000,200,2007,в жилом доме,4,евроремонт
27659658, Манаса 24в,40500000,104,2012,в жилом доме,4,черновая отделка
25918601, мкр Алмагуль,45000000,92,,иное,5,евроремонт
30852626, проспект Назарбаева — проспект Абая,285300000,320,,в административном здании,,хорошее
10052797, проспект Аль-Фараби 19 — Желтоксан,508000000,368,,в бизнес-центре,5,евроремонт
29648388, Емцова 7,120000000,600,2009,иное,15,евроремонт
22906942, Аль-Фараби — Маркова,222000000,490,,в жилом доме,,евроремонт
25792248, мкр Самал-3,160650000,550,,в жилом доме,,евроремонт
22284283, мкр Самал-2,245000000,426,,в жилом доме,10,черновая отделка
30567266, мкр Самал-2,203000000,356,,в жилом доме,9,черновая отделка
30567243, Бегалина 68 — Кабанбай батыра,176000000,306,2018,в жилом доме,1,черновая отделка
48205982, Богенбай батыра 279,12500000,23.3,2014,в жилом доме,1,
46919910, мкр Нурлытау (Энергетик) 12,108000000,330,2006,в коттедже,10,
46991059, мкр Жетысу-2 67 — Абая,23000000,35,1982,в жилом доме,2,евроремонт
28074196, Брусиловского 167 — Шакарима,22000000,38,,,1,евроремонт
48615148, мкр Горный Гигант,170000000,750,2014,в коттедже,12,хорошее
27239665, Фурманова 237 — Аль-Фараби,29999999,60,,в жилом доме,2,евроремонт
29672538, Саина 17/1,52819200,209.6,2017,в бизнес-центре,,свободная планировка
29671933, Саина 17/1,57618750,219.5,2017,в бизнес-центре,,свободная планировка
29672391, Саина 17/1,57740000,218.7,2017,в бизнес-центре,,свободная планировка
29161583, проспект Аль-Фараби — Козыбаева,85000000,150,2007,в бизнес-центре,,евроремонт
29970626, проспект Аль-Фараби — Желтоксан,77000000,140,,в бизнес-центре,4,евроремонт
22941159, Амангельды — Кабанбай батыра,90000000,180,,в жилом доме,5,евроремонт
17361778, мкр Коктобе,81000000,158,,в жилом доме,5,хорошее
47484003, Богенбай Батыра (Кирова) — Сакена Сейфуллина,333000000,619,,в бизнес-центре,12,евроремонт
29745633, Байзакова 165 — Советская,100000000,125,1982,в жилом доме,8,евроремонт
49378177, Торайгырова — Саина,29000000,126.7,2016,в жилом доме,1,хорошее
48683410, Маркова 30а — Тимирязева,180000000,604,2004,,,черновая отделка
30364314, проспект Аль-Фараби — Желтоксан,93000000,127,,в бизнес-центре,2,евроремонт
49498253, Гурилева 106 а — Халиулина,1800,500,,,,
13610679, Аль-Фараби — Желтоксан,162500000,284,,в бизнес-центре,6,евроремонт
49123535, Мауленова 46 — Айтеке би,96240000,120.3,2019,в жилом доме,5,
48938328, Достык 17 — Толе би,62000000,60,1965,в жилом доме,3,евроремонт
16412752, Аль-Фараби 15 — Желтоксан,100000000,126.5,,в бизнес-центре,5,евроремонт
18992002, Аль-Фараби — Желтоксан,670000000,1100,,в бизнес-центре,15,евроремонт
48329439, Брусиловского 167 — Шакарима,17000000,63.9,2012,в жилом доме,1,евроремонт
49093579, мкр Акбулак 1.1 — Шарипова,40000000,190,,в коттедже,10,хорошее
22258783, проспект Аль-Фараби 15 — Желтоксан,140000000,282,,в бизнес-центре,5,евроремонт
49520936, проспект Сакена Сейфуллина — проспект Абая,64000000,120,,в жилом доме,4,хорошее
49520841, Айтиева — Жамбыла,82000000,270,,,7,хорошее
30929925, проспект Назарбаева 301,14500000,67,2008,в жилом доме,3,требует ремонта
16611204, Базарбаева 71а,274000000,71,,,12,евроремонт
48922740, мкр №8,7190000,16,,в жилом доме,1,хорошее
47611404, мкр Тастак-2 273А,82000000,325,2008,в административном здании,8,евроремонт
49519242, Шевченко — Муканова,75000000,100,,,4,
49238190, Аль-Фараби 21/8,35000000,36.2,,,3,евроремонт
49518411, 61 27/5 — Бухар Жырау,25000000,70,2009,в жилом доме,1,евроремонт
28356141, проспект Абылай хана 58 — Макатаева,175000000,509,1993,в административном здании,22,хорошее
49363338, Абая — Масанчи,22000000,42,1969,в жилом доме,2,
49363328, мкр №4,37000000,60,2008,в жилом доме,3,
48808178, Достык 128 — ЖК Терренкур,40000000,190,2008,в жилом доме,5,среднее
48808146, Достык 128,123120000,360,2008,в жилом доме,5,хорошее
28294271, Зенкова 59 — Кабанбай батыра,48000000,73,2011,в бизнес-центре,3,евроремонт
30282123, Айманова 140 — Мынбаева,53450000,106.9,2015,,2,хорошее
49514877, Снегина,540000000,1120,2014,,,
49514947, Алтынсарина,28000000,44.6,1977,,,
49514948, Торайгырова — Саина,45000000,436,1982,,,
49514939, Достык (Ленина) — Жолдасбекова,264000000,328,2006,,,
49514944, Абая — Сейфуллина,94000000,90,1965,,,
49514943, Жангельдина — Мухамеджанова,294000000,438,2013,,,
49514946, Толе би — Каирбекова,562500000,2100,2006,,,
49514899, Толе би — Каирбекова,562500000,2100,2006,,,
49514907, Жангельдина — Мухамеджанова,294000000,438,2013,,,
49514908, Алтынсарина,28000000,44.6,1977,,,
49514881, Абая — Сейфуллина,94000000,90,1965,,,
49514886, Жандосова — Розыбакиева,70000000,102,1977,,,
49514879, Достык (Ленина) — Жолдасбекова,264000000,328,2006,,,
49514878, Достык (Ленина) — Жолдасбекова,113000000,157,2006,,,
49514880, Достык (Ленина),565000000,492.7,1977,,,
49514885, Нурмакова — Толе би,56000000,98,1977,,,
49514883, Наурызбай батыра — Айтеке би,93000000,159,1967,,,
49514888, Кажымукана,456000000,1000,2015,,,
49514892, Райымбека(Ташкентская),380000000,1079.3,2013,,,
49514884, Достык (Ленина),565000000,492.7,1977,,,
49514891, Жарокова — Дунаевского,320000000,2200,2018,,,
49514889, Момышулы — Шаляпина,377000000,1450,2005,,,
49514887, Райымбека(Ташкентская),1319500000,5115,2007,,,
19428580, Акпаева 59/1 — Тохтарова,151500000,830.1,,в жилом доме,,евроремонт
49086999, мкр Айнабулак-2,18000000,63,2019,в жилом доме,2,черновая отделка
29054055, Желтоксан 33 — Маметовой,20000000,40,1962,в жилом доме,2,хорошее
49495715, Богенбай батыра — Калдаякова,285000000,366,1990,,,
49232890, Ауэзова 175/1,25000000,44.4,,в бизнес-центре,2,хорошее
49496770, Жарокова — Кабанбай батыра,224000000,478.1,2013,,,
49497424, Жангельдина — Райымбека(Ташкентская),292000000,438.7,2013,,,
49497421, Искендерова — Кажымукана,158000000,400,2014,,,
47581053, Курмангазы 129 — проспект Сакена Сейфуллина,89000000,290,1964,в жилом доме,13,евроремонт
49496197, Тургут Озала — Толе би,435600000,1600,,,,
47131177, Амангельды 59А — Джамбула,68500000,138.6,2009,в бизнес-центре,,хорошее
48712340, Наурызбай Батыра — Шевченко,88000000,187,,в бизнес-центре,6,
49510109, Ауэзова — Гоголя,5500000,200,,в административном здании,6,евроремонт
30123742, Толе би 80 — Дзержинского,54900000,207,,в жилом доме,,хорошее
48287475, мкр Самал-2 58 — Аль-Фараби,68418000,181,,в бизнес-центре,4,
49509766, Сейфуллина 453,120000000,310,,,,
49085653, проспект Аль-Фараби 15к4В,51924100,106,2010,в бизнес-центре,,хорошее
48798422, Сатпаева 6 — проспект Достык,22500000,42.5,1962,в жилом доме,2,хорошее
49508961, проспект Назарбаева — Аль-Фараби,47000000,80,2012,в жилом доме,4,хорошее
49083661, Абылай хана район Тюза — Маметовой,28000000,97,1970,в жилом доме,3,хорошее
29090454, мкр Баганашыл 46,350000000,694.2,2007,в жилом доме,31,евроремонт
49508810, Саина — Жандосова,32000000,160,1978,в жилом доме,7,среднее
29057459, Маркова 27/5 — Бухар Жырау,25000000,70,2009,в жилом доме,1,евроремонт
49169332, Рыскулбекова Кайрата (Обручева) 28/8 — Саина,54500000,182,2015,,,черновая отделка
24432416, Богенбай батыра — Кастеева,120000000,520,,,15,
49002634, проспект Аль-Фараби 15к4В — Желтоксан,183595780,374.8,2010,в бизнес-центре,,хорошее
49003026, проспект Аль-Фараби 15к4В — Желтоксан,52218010,106.6,2010,в бизнес-центре,,хорошее
49002952, проспект Аль-Фараби 15к4В — Желтоксан,51924100,106,2010,в бизнес-центре,,хорошее
49002857, проспект Аль-Фараби 15к4В — Желтоксан,79159760,161.6,2010,в бизнес-центре,,хорошее
49228637, Желтоксан 111А — Толе Би,41000000,90,2007,в бизнес-центре,4,евроремонт
49508215, Абая — Сейфуллина,93000000,89.5,,,,
49508212, Ауэзова — Богенбай батыра,38000000,61.5,,,,
49508186, Достык (Ленина) — Сатпаева,925000000,497,,,,
49508177, Горная,925000000,1356,,,,
49508148, Кунаева — Маметовой,52000000,81.1,,,,
49508153, Казыбек би — Кунаева,185000000,240,,,,
49508127, Жамбыла — Муратбаева,407000000,1452,,,,
49508128, Пушкина — Маметовой,278000000,242,,,,
49508100, Желтоксан,63000000,120,,,,
49508099, Жандосова,63000000,102.2,,,,
49508095, Снегина,540000000,1120,,,,
49508044, Жамбыла,55000000,62,,,,
49508037, Торайгырова,45000000,436,,,,
49508041, Кунаева — Маметовой,45000000,62.3,,,,
49508033, Ауэзова — Жамбыла,453600000,741,,,,
49508014, Тургут Озала,453600000,1600,,,,
49508015, Бухар Жырау,55000000,115,,,,
49508019, Гоголя — Барибаева,540000000,697,,,,
49507981, Брусиловского (Руднева) — Шакарима,69000000,110,,,,
49507975, Достык (Ленина) — Жолдасбекова,189000000,308,,,,
49507980, Сейфуллина — Кабанбай батыра,80000000,53.8,,,,
49507781, Достык (Ленина) — Омаровой,565000000,492.7,,,,
49507946, Абылай Хана (Коммунистическая) — Райымбека(Ташкентская),115000000,221.9,,,,
49507951, Наурызбай батыра — Айтеке би,99000000,158.5,,,,
49507947, Ришата и Муслима Абдуллиных — Гоголя,68000000,92,,,,
49507916, Жандосова — Розыбакиева,505000000,876.1,,,,
49507920, Бауыржана Момышулы — Шаляпина,377000000,1450,,,,
49507915, Тургут Озала,215000000,800,,,,
49507885, Шаляпина — Бауыржана Момышулы,94000000,104.3,,,,
49507850, Богенбай батыра — Наурызбай батыра,135000000,350,,,,
49507841, Мустафина,63000000,120,,,,
49507817, Навои — Токтабаева,75000000,191,,,,
49507822, Достык (Ленина) — Жолдасбекова,300000000,328.6,,,,
49507790, Макатаева — Сейфуллина,45000000,65,,,,
49507783, Кожабекова — Гагарина,67000000,107,,,,
49507764, Искендерова — Кажымукана,226000000,400,,,,
49507762, Аль-Фараби,360000000,530,,,,
47503183, проспект Аль-Фараби 15 — Западный Желтоксан,160000000,340,2012,в бизнес-центре,10,хорошее
30606931, Сейфуллина 432 — Жибек жолы,8800000,17,1985,в административном здании,1,хорошее
46504302, проспект Аль-Фараби 17 — Желтоксан,600000000,1100,2009,в бизнес-центре,,евроремонт
47503795, проспект Аль-Фараби 15 — Западный Желтоксан,110000000,226,2012,в бизнес-центре,5,хорошее
48014843, Кунаева — Айтекеби,170550000,200,1961,в жилом доме,5,
49507604, Жанибекова,300000000,599.6,,,,
49507595, Толе би — Ауэзова,456000000,597.1,,,,
49507598, Жарокова — Кабанбай батыра,224000000,478.1,,,,
49507565, Жамбыла — Байганина,94000000,98.2,,,,
49507563, Наурызбай батыра,245000000,349.1,,,,
49507527, Жибек Жолы — Кунаева,350000000,332.6,,,,
49507534, Желтоксан,39000000,71,,,,
49507355, Жандосова — Розыбакиева,70000000,102.6,,,,
49507368, Жандосова — Манаса,30000000,150.4,,,,
49507294, Жангельдина — Мухамеджанова,295000000,438.7,,,,
26564969, Сатпаева 30Ак4 — Шагабутдинова,42000000,120,2013,в бизнес-центре,4,евроремонт
49507307, Нурмакова — Толе би,56000000,98.6,,,,
49507275, Богенбай батыра — Калдаякова,83200000,199,,,,
49495069, Райымбека(Ташкентская),1323000000,5116,,,,
49495108, Алтынсарина,28000000,44.6,,,,
49495097, Шевченко — Байтурсынова,83200000,250,,,,
49105791, Абая 115 — Ауэзова,15600000,36.4,1969,в административном здании,2,хорошее
49080679, Кенесары хана 83/6,19000000,100,2013,в жилом доме,,евроремонт
46563113, мкр Горный Гигант,80000000,711,2016,в коттедже,10,черновая отделка
49376796, Розыбакиева — Солодовникова,46600000,90,2006,в жилом доме,5,хорошее
29242699, мкр Самал-2,95000000,135,,в жилом доме,12,евроремонт
49174049, проспект Достык — Кабанбай батыра,48000000,65,,в жилом доме,3,евроремонт
30566402, Зенкова 59 — Кабанбай батыра (Калинина),108000000,145,2014,в бизнес-центре,7,евроремонт
49504436, Достык — Аль-Фараби,60000000,132,,,5,хорошее
46337942, Желтоксан 144 — Жамбула,41000000,70.6,1960,в жилом доме,3,требует ремонта
49503706, Байтурсынова — Карасай батыра,26000000,31,1968,в жилом доме,2,хорошее
49503700, проспект Алтынсарина — проспект Абая,25000000,34,1970,в жилом доме,2,хорошее
30946543, Панфилова 53,33000000,52.7,1969,в жилом доме,3,евроремонт
30476318, РОзыбакиева 13а — Егизбаева,47500000,100,1961,в жилом доме,3,хорошее
46875300, Сатпаева — Егизбаева,40237117,156,2018,в жилом доме,1,евроремонт
49502783, Фурманова — Джамбула,70000000,50,,,3,евроремонт
28987684, Розыбакиева,219000000,416,2018,в коттедже,7,свободная планировка
24833064, мкр Алатау,130000000,450,,в коттедже,12,евроремонт
47571710, проспект Абая 115 — Ауэзова,60000000,158,1969,в бизнес-центре,5,среднее
30151368, Желтоксан — Аль-Фараби,297500000,650,2009,в бизнес-центре,14,евроремонт
49269847, Жандосова — Айманова,13500000,41,1973,в административном здании,3,хорошее
49224141, Назарбаева — Хаджи Мукана,19500000,23,2009,в жилом доме,1,евроремонт
28702573, проспект Аль-Фараби — Желтоксан,590000000,420,,в бизнес-центре,12,евроремонт
46573254, проспект Аль-Фараби 15,70500000,144,,в бизнес-центре,4,евроремонт
48990071, проспект Аль-Фараби,45240000,98,,в бизнес-центре,,среднее
48228930, проспект Аль-Фараби 17к4Б — Желтоксан,89926000,170,2004,в бизнес-центре,3,евроремонт
48229230, проспект Аль-Фараби 5к1А — Козыбаева,160026000,276,2004,в бизнес-центре,3,евроремонт
29685109, проспект Сакена Сейфуллина 580 — проспект Аль-Фараби,256000000,500,2016,в жилом доме,10,свободная планировка
21746846, Рыскулбекова 28/2 — Саина,56240000,148,2016,в жилом доме,3,хорошее
46353532, Гоголя 14 — Досмухамедова,70800000,130,1958,иное,6,хорошее
47836585, Нурмакова 51 — Казыбек би,25000000,45,,в жилом доме,2,хорошее
48325499, Тулебаева — Маметова,39000000,77.1,1974,в жилом доме,3,среднее
27168067, Фурманова — Айтеке би,260000000,420,2010,в бизнес-центре,6,черновая отделка
49137116, Мкр Баганашил — Сыргабекова,756000000,834,1999,в коттедже,20,хорошее
49073218, мкр Аксай-2 67/1,30000000,77,,в жилом доме,6,хорошее
49135203, проспект Аль-Фараби 15к4В — Желтоксан,183595780,374,2010,в бизнес-центре,,хорошее
49136195, проспект Аль-Фараби 15к4В — Желтоксан,51924100,106,2010,в бизнес-центре,,евроремонт
49136421, проспект Аль-Фараби 15к4В — Желтоксан,79159760,161,2010,в бизнес-центре,,евроремонт
49497892, Назарбаева 301 — Хаджимукана,160000000,550,2006,в жилом доме,10,среднее
46474675, Гоголя,3087600000,8000,1978,в административном здании,50,среднее
30925013, мкр Алмагуль,411400000,1800,1994,в бизнес-центре,30,хорошее
/8451853, Исаева 15 — Айтеке би,42000000,161,,в жилом доме,4,среднее
48304722, проспект Достык,1140000000,1270,2004,в коттедже,35,евроремонт
29534128, мкр Мирас,662688000,1593,2006,,30,евроремонт
46786305, Богенбай батыра,925000000,1400,2005,иное,30,евроремонт
30902219, Микрорайон Казахфильм,400000000,1360,2008,в коттедже,40,хорошее
48602474, Макатаева — проспект Абылай Хана,370000000,824,1965,в административном здании,26,хорошее
46475035, Гоголя,3087600000,8000,1979,в административном здании,20,среднее
29790349, мкр Ремизовка,1255410000,2900,2018,в коттедже,30,черновая отделка
48304001, проспект Достык,1140000000,1270,2004,в бизнес-центре,35,евроремонт
46895800, Манаса — Джандосова,1300000000,1800,1982,в административном здании,20,евроремонт
49497852, Серикова — Жансугурова,58000000,430,2009,в административном здании,8,евроремонт
30636122, проспект Аль-Фараби,276000000,451,2016,в бизнес-центре,1,черновая отделка
47624053, Луганского,187500000,600,2015,в коттедже,18,евроремонт
28992642, Абылай хана — Маметова,570000000,1630,1961,в административном здании,99,требует ремонта
30151003, проспект Гагарина,1000000000,2400,2016,в административном здании,30,черновая отделка
28185247, Луганского — Сатпаева,170000000,800,1998,в коттедже,20,требует ремонта
30636206, проспект Аль-Фараби,552000000,902,2016,в бизнес-центре,2,черновая отделка
23614438, Толе би,566100000,1800,,в коттедже,30,хорошее
25158752, Фурманова — Хаджи Мукана,2041000000,4600,,в бизнес-центре,90,евроремонт
20368031, мкр Мирас,238000000,700,2006,в коттедже,15,евроремонт
17221653, мкр Горный Гигант,165000000,370,,в коттедже,9,евроремонт
23614075, Толе би,1700000000,2600,,в коттедже,50,евроремонт
28992981, Кунаева — Казыбек би,160000000,190,1960,в жилом доме,7,евроремонт
29054298, мкр Мирас,662688000,1593,2006,в бизнес-центре,20,евроремонт
46894095, Радостовца 158 — Басенова,20400000,70,2016,в жилом доме,2,хорошее
49495663, Богенбай батыра,278000000,366,,,,
49497267, Желтоксан — Карасай батыра,63000000,120,1977,,,
49497237, Жамбыла,84000000,98.2,1978,,,
49497230, Нурмакова — Толе би,56000000,98.6,1972,,,
49497231, Брусиловского (Руднева) 163 — Шакарима,69000000,110,2014,,,
48339430, проспект Назарбаева 175 — Курмангазы,92000000,70.9,1960,в жилом доме,3,хорошее
49496773, Гоголя — Барибаева,540000000,692.4,2006,,,
49496769, Абдуллиных — Гоголя,67800000,92.3,2014,,,
48454778, Габдуллина Ауэзова 67б — Ауэзова,25000000,71,,в жилом доме,3,хорошее
49217191, Ауэзова,24000000,45,,в бизнес-центре,2,евроремонт
49107170, Тепличная,36396400,95.78,2019,в жилом доме,,черновая отделка
49496568, Калдаякова — Айтеке би,150000000,382.7,2004,,,
49496534, Кожабекова — Гагарина,67000000,106.9,2009,,,
49496419, Аль-Фараби — Шашкина,360000000,530,1998,,,
49295579, проспект Достык 123 — Митина,53000000,67,1980,в жилом доме,4,евроремонт
47464807, мкр №1 68/4 — Жубанова-Алтынсарина,30000000,53,2015,в жилом доме,2,евроремонт
49496193, Тургут Озала — Толе би,215000000,800,1995,,,
48830826, Аль-Фараби 17к — Желтоксан,140000000,280,2008,в бизнес-центре,6,евроремонт
49496017, Казыбек би — Кунаева,190000000,180,1977,,,
49495978, Достык (Ленина) — Жолдасбекова,190000000,308,2009,,,
49495975, Снегина — Достык (Ленина),540000000,1120,2014,,,
49495856, Жандосова — Алтынсарина,63000000,102.2,1986,,,
49078456, Жамбыла,56500000,123,1953,в жилом доме,4,евроремонт
48467507, Толе би — Наурызбай Батыра,65000000,140,1968,в жилом доме,5,хорошее
47353303, Жубанова,37000000,100,1975,в жилом доме,4,среднее
47174618, Курмангазы — Назарбаева,63000000,60,,в жилом доме,3,евроремонт
47474960, Жубанова 73а — Саина,37000000,97,1990,,4,
47742742, Абылай хана — Маметовой,33000000,50,1960,в жилом доме,3,хорошее
47323507, Назарбаева — Курмангазы,63000000,60,,в жилом доме,3,евроремонт
47137046, Панфилова — Курмангазы,63000000,60,,в жилом доме,3,евроремонт
49350161, Жандосова — проспект Гагарина,12500000,41,1975,в административном здании,3,хорошее
13909235, Аль-Фараби — Желтоксан,125000000,218,2007,в бизнес-центре,6,евроремонт
13180249, Аль-Фараби 17 — Желтоксан,200000000,355,,в бизнес-центре,5,свободная планировка
49494807, Сатпаева 280,308000000,850,2005,в бизнес-центре,15,хорошее
49032762, Сатпаева — Шагабутдинова,31000000,58,,,,
49494200, Кунаева 1 — Макатаева,2655000000,15530,1980,,,
20282676, мкр Юбилейный,110000000,400,,в жилом доме,10,черновая отделка
48444201, Сейфулина — Богенбай батыра,95000000,282,2012,в бизнес-центре,6,хорошее
48444849, Сейфулина — Богенбай батыра,45500000,113,2013,в бизнес-центре,5,хорошее
47295753, Наурызбай батыра 115 — проспект Абая,68000000,74,1967,,,хорошее
47186712, Наурызбай Батыра — Шевченко,147500000,300,2015,в бизнес-центре,10,хорошее
49494215, Назарбаева 277/66 — Кажымукана,2590000000,3146.2,2016,,,
48464721, Есенберлина 155 — Есенберлина,56000000,135,2010,в жилом доме,6,хорошее
47672605, Достык — Митина,53000000,70,,в жилом доме,4,хорошее
49494441, Казыбек би 179,305000000,617,2011,в бизнес-центре,,
48849901, Сатпаева — Байзакова,280000000,602,,,,евроремонт
49494437, Байзакова — Шевченко,272000000,475,2014,,,
46461973, проспект Назарбаева 51,125735000,358.7,1940,в жилом доме,20,
46458208, Сатпаева 30А/3,65700000,179.2,2009,в жилом доме,9,
49494363, Абая 52 — Байзакова,200000000,319.7,1972,,,
49494353, Абылай Хана (Коммунистическая) — Маметовой,562500000,1623,2000,,,
49494336, мкр Айнабулак-4,637500000,1655.4,1991,,,
49494338, Аскарова 1,280000000,527.2,2005,,,
49494321, Сатпаева 2 — Достык (Ленина),90480000,164.5,1962,,,
49494317, Жамбыла 211/71 — Айманова,85000000,123.9,2009,,,
49494301, Жандосова — Розыбакиева,502000000,876.1,2002,,,
49494300, Пушкина — Маметовой,277000000,242,1970,,,
49494286, Шолохова — Сейфуллина,296000000,957.9,1977,,,
49494264, Достык (Ленина) — Омаровой,555000000,492.7,1980,,,
49494244, Снегина — Мендикулова,540000000,1120,2014,,,
49494214, мкр Керемет,703000000,699.3,2003,,,
49494205, Толе би 72 — Абылай Хана (Коммунистическая),481000000,379,1952,,,
49494182, Карасай батыра 123 — Шагабутдинова,1260000000,6318,1961,,,
49494184, Сатпаева — Ауэзова,33300000,36,1956,,,
49494187, Сейфуллина — Богенбай батыра,92500000,108,1960,,,
49494171, Желтоксан — Жамбыла,41000000,71,1965,,,
49494169, Абылай Хана (Коммунистическая) — Курмангазы,96200000,57,1965,,,
49494151, мкр Самал-2,150000000,160,1990,,,
49494150, Кабанбай батыра — Назарбаева,740000000,570,1952,,,
49494158, Жандосова — Розыбакиева,740000000,2300,2003,,,
49494137, Кабдолова 27 — Бауыржана Момышулы,29000000,39.7,1986,,,
49494139, Тимирязева — Жарокова,660000000,985.9,2014,,,
49494123, Аль-Фараби 53 А — Шашкина,444000000,527,2008,,,
49494130, Кабанбай батыра 123 — Ади Шарипова(Мечникова),172000000,457.6,1956,,,
49494098, Ауэзова 183 — Тимирязева,111000000,73.1,1975,,,
49494092, Айтеке би — Калдаякова,160000000,382.7,2010,,,
49493986, мкр №5 30 — Уг Утеген Батыра,39900000,60,,в жилом доме,3,хорошее
49494037, Аль-Фараби — Ходжанова (пересечение с Аль Фараби),275650000,438.5,2014,,,
49494028, Байзакова — Казыбек би,118000000,248.1,1967,,,
46458653, Сатпаева 30А/3,89330000,251.9,2009,в жилом доме,9,
46457621, Сатпаева 30/8,52900000,124.6,2009,в жилом доме,8,хорошее
46461575, проспект Аль-Фараби 13,206200000,519.5,2007,в бизнес-центре,12,
49493704, Райымбека — Полежаева,39700000,260,,в административном здании,7,
49340070, Амангельды 59А — Жамбыла,330000000,615,2009,в бизнес-центре,,евроремонт
47273914, мкр Самал-2 58,50000000,105,2011,в административном здании,3,
49493479, Тулебаева 139 — Кабанбай батыра (Калинина),43000000,74.5,1968,в жилом доме,3,евроремонт
49015232, проспект Аль-Фараби 15к4В — Желтоксан,79159760,161.6,2010,в бизнес-центре,,хорошее
49014832, проспект Аль-Фараби 15к4В — Желтоксан,51924100,106,2010,в бизнес-центре,,хорошее
49014671, проспект Аль-Фараби 15к4В — Желтоксан,52218010,106.6,2010,в бизнес-центре,,хорошее
49011425, проспект Аль-Фараби 15к4В — Желтоксан,183595780,374.8,2010,в бизнес-центре,,хорошее
49015051, проспект Аль-Фараби 15к4В — Желтоксан,52218010,106.6,2010,в бизнес-центре,,хорошее
29028608, Ш. Калдаякова 79,1900000000,3880.5,,в бизнес-центре,,хорошее
26446159, Макатаева 47 — Есенова,247000000,1405,1986,в бизнес-центре,38,среднее
26445923, Кунаева 32 — Маметовой,2655000000,15530,1980,в бизнес-центре,100,хорошее
21906870, Толе би 298 — Утеген батыра,83790000,279.3,,в жилом доме,8,евроремонт
48411818, проспект Райымбека,185000000,600,2015,в бизнес-центре,,евроремонт
48412077, проспект Райымбека,95000000,300,2015,в бизнес-центре,,евроремонт
48411564, проспект Райымбека,275000000,900,2015,в бизнес-центре,,евроремонт
48410598, проспект Райымбека,455000000,1800,2015,в бизнес-центре,,евроремонт
48410738, проспект Райымбека,365000000,1200,2015,в бизнес-центре,,евроремонт
47343823, Толе би 298 — Утеген батыра,43320000,144.4,2012,в жилом доме,5,евроремонт
28327172, Желтоксан 111 — Толе би,40000000,90,,в бизнес-центре,3,хорошее
49214126, Назарбаева 124 — Кабанбай батыра,39000000,68.3,1999,в административном здании,4,хорошее
29982678, Брюсова 4 — Райымбека,550000000,3500,2000,в бизнес-центре,50,хорошее
49492633, Кабанбай батыра — Жарокова,40000000,60,,в жилом доме,4,хорошее
49492622, Радостовца — Сатпаева,100000000,280,2016,в жилом доме,8,хорошее
19146586, Гагарина 31-А — Толе би,323000000,510,1986,в административном здании,19,хорошее
25839971, проспект Райымбека 451а — Ахременко,190000000,1747,2006,,,среднее
49492484, проспект Назарбаева — проспект Аль-Фараби,45000000,82,2010,в жилом доме,4,евроремонт
23816121, проспект Суюнбая 205,35000000,61,,в жилом доме,,хорошее
49492312, Досмухамедова — Гоголя,60000000,252,,в жилом доме,14,хорошее
49492227, проспект Достык — проспект Аль-Фараби,60000000,142,2010,в жилом доме,5,хорошее
30612199, Жарокова — Ходжанова,511500000,1649,1998,в административном здании,60,хорошее
48998718, мкр Горный Гигант,145000000,750,2014,в коттедже,12,хорошее
49510425, Розыбакиева 72 — Жамбыла,43400000,82,1986,,5,хорошее
27216836, Аль-Фараби 17 — Желтоксан,323000323,234,,в бизнес-центре,5,евроремонт
49270466, Карасай батыра 111-113/75 — Досмухамедова,45000000,62.7,1966,в жилом доме,3,среднее
48404404, мкр Самал-2 33А,95000000,330,2016,в жилом доме,,свободная планировка
46507458, проспект Назарбаева 118 — Богенбай батыра,69888888,100,1937,в жилом доме,4,евроремонт
30172018, Маркова 75 — Аль Фараби,110000000,190,,в жилом доме,,евроремонт
46402849, Аль Фараби — Желтоксан,110000000,226,,в бизнес-центре,,евроремонт
48960092, Наурызбай Батыра 99/1 — Шевченко,88000000,178,2015,в бизнес-центре,6,евроремонт
49368658, Сатпаева — проспект Достык,20900000,42,1962,в жилом доме,2,хорошее
49492201, Жарокова — Жандосова,35000000,87,,в жилом доме,5,хорошее
30905268, Назарбаева 112 — Бөгенбай батыра,23000000,40,1970,в жилом доме,2,хорошее
49491927, проспект Аль-Фараби,77000000,155,2014,в жилом доме,5,евроремонт
49338056, Сатпаева 42а — Ауезова,40000000,50,,в жилом доме,2,хорошее
49491876, Шагабутдинова — Жамбыла,37000000,182,2014,в жилом доме,6,хорошее
49491834, мкр Коктем-1,30000000,41,1961,в жилом доме,3,хорошее
49491849, Жетысуская — Макатаева,72000000,280,2010,в жилом доме,6,хорошее
49491784, проспект Назарбаева — проспект Аль-Фараби,46000000,104,2010,в жилом доме,4,хорошее
49491746, мкр Таугуль-1,58000000,182,2010,в жилом доме,6,хорошее
49491715, Маркова — Сатпаева,142000000,404,2014,в жилом доме,8,хорошее
49491580, Жетысуская — Сатпаева,32000000,124,2010,в жилом доме,2,хорошее
49491546, Шагабутдинова — Сатпаева,48000000,124,2014,в жилом доме,4,хорошее
49491503, Жетысуская — Макатаева,52000000,200,2010,в жилом доме,5,хорошее
49491066, Шевченко — Муканова,53000000,105,2009,в жилом доме,5,хорошее
49490970, Желтоксан 134 — Кабанбай Батыра,62000000,120,2001,в жилом доме,6,хорошее
49211926, Рыскулбекова 28/5 — Саина,37700000,114,2016,в жилом доме,5,евроремонт
29360071, мкр Самал-2 58 — проспект Назарбаева,46500000,80,2009,в бизнес-центре,,хорошее
30078307, Бекхожина 15 — Бегалина,63035000,180.1,2018,в жилом доме,4,черновая отделка
49200164, мкр Аксай-1,60000000,200,2009,в бизнес-центре,10,евроремонт
49334128, Бекхожина 15,51630000,172.1,2019,в жилом доме,5,свободная планировка
48616538, проспект Аль-Фараби — Фурманова,600000000,1100,,в бизнес-центре,,евроремонт
25383881, проспект Суюнбая,2200000000,7700,,в административном здании,,евроремонт
22669293, мкр Самал-3,390000000,600,,в жилом доме,,черновая отделка
48107959, мкр Кокжиек,25000000,216,,в жилом доме,8,хорошее
46285213, Жарокова 207 — Тимирязева,26000000,35,,в жилом доме,2,хорошее
15852883, Наурызбая — Абая,68000000,75,,в жилом доме,4,хорошее
47564279, мкр Коктем-1,95000000,150,2014,в бизнес-центре,5,евроремонт
29472405, мкр Хан Тенгри,210000000,400,2016,иное,10,евроремонт
49060106, мкр Аксай-3,12000000,47,1987,в жилом доме,2,среднее
48977091, Базурбаева,125000000,300,2007,в жилом доме,7,евроремонт
48977113, Базурбаева,125000000,300,2007,в жилом доме,9,среднее
49482793, Грибоедова,700000,500,,в коттедже,10,евроремонт
46920045, мкр Жетысу-3,14000000,174.7,2012,в жилом доме,4,черновая отделка
49482501, проспект Сакена Сейфуллина — Карасай батыра,40000000,75,,в жилом доме,,хорошее
27568804, мкр Коктем-1,263000000,211,2010,в коттедже,5,евроремонт
47738137, Гагарина — Толе би,68000000,98.8,1975,в жилом доме,5,евроремонт
30107243, Есенова 15/3 — Янушкевича,35000000,134,1984,в жилом доме,3,требует ремонта
49480755, Абылай хана 64 — проспект Жибек Жолы,40000000,56,1975,в жилом доме,4,евроремонт
49325963, Рихарда Зорге 7,26000000,30,,в жилом доме,1,хорошее
29787645, проспект Достык 433/2 — Оспанова,195000000,373,,в коттедже,7,евроремонт
30685449, Туркебаева — Сатпаева,350000000,670,,в коттедже,22,хорошее
26780830, Жангельдина — проспект Райымбека,137000000,150,,в административном здании,4,хорошее
27996959, Толе би — Яссауи,93800000,629.4,1992,иное,8,хорошее
26454405, проспект Аль-Фараби 17,445000000,790,2014,в бизнес-центре,,хорошее
49480201, Бегалина — Луганского,110000000,529,2010,в коттедже,10,хорошее
48871057, проспект Райымбека — Саина,97319000,301,2016,в бизнес-центре,8,хорошее
48988889, Айманова 193А — Жандосова,29900000,58.5,1970,в жилом доме,2,хорошее
48967110, Сейфулина — Молдагалиева,31000000,78,,в жилом доме,5,хорошее
29162567, мкр Мамыр-4,530000000,1830,2015,в административном здании,,евроремонт
47083730, Кенесары Хана 46а — Аль-Фараби,15000000,55.8,2016,в административном здании,2,свободная планировка
48870557, проспект Райымбека — Саина,94962000,294,2016,в бизнес-центре,8,хорошее
48452620, Постышева 64,80000000,570,2015,в коттедже,11,хорошее
48518504, проспект Суюнбая 292П,32000000,115,1970,в жилом доме,3,хорошее
46986280, Желтоксан 159,37500000,93,1961,в жилом доме,4,евроремонт
49198917, мкр Самал,115000000,70,1985,в жилом доме,4,евроремонт
30306734, Кунаева 1 — Кабанбай батыра,75900000,51.1,1960,в жилом доме,2,хорошее
23658085, Майлина 15 — Ахметова,14900000,65,1970,в жилом доме,3,среднее
49324370, Байзакова 134 — Толеби,68000000,90,1994,в жилом доме,4,хорошее
